species_id	species_name	marker_length	marker_count	percent_markers_detected	total_mapped_reads	avg_read_depth	species_abund
OTU-10096	Lactobacillus crispatus	267507	294	41.49659863945578	1063	0.38638988886272135	78.68845614166482
OTU-02547	Corynebacterium sp.	669408	300	43.0	784	0.10464768870404895	21.31154385833519
